,モジュール,歯数,形状,穴径1 A,穴径2 (A'), ボス径1 B,ボス径2 B',基準円直径 C,歯先円直径 D,歯幅 E,  ボス長さ F,  全長 G,  ウェブ厚 (H),  リム径 (I),  穴深さ (J),  許容曲げ強さ (kgf･m), バックラッシ 下限 (mm),  バックラッシ 上限 (mm),  質量 (g),  価格 (円)
DS0.5-12,0.5,12,S8,2,(4),4.5, ,6,7,3,4,7, , ,(0.6),0.0064,0,0.30,0.17,115
DS0.5-15,0.5,15,S8,2,(5.5),4.5, ,7.5,8.5,3,4,7, , ,(0.6),0.0094,0,0.30,0.23,120
DS0.5-16,0.5,16,S8,3,(6),6, ,8,9,3,4,7, , ,(0.6),0.010,0,0.30,0.28,130
DS0.5-18,0.5,18,S8,3,(7),6, ,9,10,3,4,7, , ,(0.6),0.012,0,0.30,0.33,130
DS0.5-20,0.5,20,S8B,4, ,8,5,10,11,3,4,7,(2.4),(8), ,0.014,0,0.30,0.47,140
DS0.5-24,0.5,24,S9,4, ,8,5,12,13,3,4,7,(1.8),(9.5), ,0.018,0,0.30,0.58,145
DS0.5-25,0.5,25,S9,4, ,8,6,12.5,13.5,3,4,7,(1.8),(10), ,0.019,0,0.30,0.61,150
DS0.5-28,0.5,28,S9,4, ,8,6,14,15,3,4,7,(1.8),(11.5), ,0.022,0,0.30,0.69,155
DS0.5-30,0.5,30,S9,5, ,10,7,15,16,3,4,7,(1.8),(12), ,0.023,0,0.30,0.90,165
DS0.5-32,0.5,32,S9,5, ,10,7,16,17,3,4,7,(1.8),(13), ,0.025,0,0.30,0.97,170
DS0.5-35,0.5,35,S9,5, ,10,7,17.5,18.5,3,4,7,(1.8),(14.5), ,0.029,0,0.30,1.09,175
DS0.5-36,0.5,36,S9,5, ,10,7,18,19,3,4,7,(1.8),(15), ,0.030,0,0.30,1.13,180
DS0.5-40,0.5,40,S9,5, ,12,8,20,21,3,4,7,(1.8),(16.5), ,0.034,0,0.30,1.53,185
DS0.5-45,0.5,45,S9,5, ,12,8,22.5,23.5,3,4,7,(1.8),(19), ,0.039,0,0.30,1.78,190
DS0.5-48,0.5,48,S9,5, ,12,8,24,25,3,4,7,(1.8),(21), ,0.043,0,0.30,1.91,195
DS0.5-50,0.5,50,S9,5, ,12,8,25,26,3,4,7,(1.8),(21.5), ,0.045,0,0.30,2.02,200
DS0.5-56,0.5,56,S9,6, ,14,10,28,29,3,5,8,(1.8),(24.5), ,0.051,0,0.30,2.77,210
DS0.5-60,0.5,60,S9,6, ,14,10,30,31,3,5,8,(1.8),(26.5), ,0.055,0,0.30,3.02,220
DS0.5-64,0.5,64,S9,6, ,14,10,32,33,3,5,8,(1.8),(28.5), ,0.059,0,0.30,3.29,225
DS0.5-70,0.5,70,S9,6, ,14,10,35,36,3,5,8,(1.8),(31.5), ,0.066,0,0.30,3.71,230
DS0.5-72,0.5,72,S9,6, ,14,10,36,37,3,5,8,(1.8),(32), ,0.068,0,0.30,3.86,235
DS0.5-80,0.5,80,S9,6, ,14,10,40,41,3,5,8,(1.8),(36.5), ,0.076,0,0.30,4.51,245
DS0.8-12,0.8,12,S9,3, ,6,4,9.6,11.2,4,5,9,(2),(6.7), ,0.022,0,0.48,0.48,140
DS0.8-15,0.8,15,S9,3, ,6,4.5,12,13.6,4,5,9,(2),(8.8), ,0.032,0,0.48,0.64,145
DS0.8-16,0.8,16,S9,4, ,8,6,12.8,14.4,4,5,9,(2),(9.2), ,0.035,0,0.48,0.84,155
DS0.8-18,0.8,18,S9,4, ,8,6,14.4,16,4,5,9,(2),(10.7), ,0.041,0,0.48,0.97,160
DS0.8-20,0.8,20,S9,5, ,10,8,16,17.6,4,5,9,(2),(12.7), ,0.048,0,0.48,1.26,165
DS0.8-24,0.8,24,S9,5, ,10,8,19.2,20.8,4,5,9,(2),(15), ,0.060,0,0.48,1.59,175
DS0.8-25,0.8,25,S9,5, ,10,8,20,21.6,4,5,9,(2),(16.5), ,0.064,0,0.48,1.73,180
DS0.8-28,0.8,28,S9,5, ,10,8,22.4,24,4,5,9,(2),(18.5), ,0.074,0,0.48,1.91,185
DS0.8-30,0.8,30,S9,6, ,12,10,24,25.6,4,5,9,(2),(19.5), ,0.080,0,0.48,2.37,195
DS0.8-32,0.8,32,S9,6, ,12,10,25.6,27.2,4,5,9,(2),(21), ,0.087,0,0.48,2.57,205
DS0.8-35,0.8,35,S9,6, ,12,10,28,29.6,4,5,9,(2),(23.5), ,0.098,0,0.48,2.91,210
DS0.8-36,0.8,36,S9,6, ,12,10,28.8,30.4,4,5,9,(2),(24.5), ,0.10,0,0.48,3.00,215
DS0.8-40,0.8,40,S9,6, ,12,10,32,33.6,4,5,9,(2),(27.5), ,0.12,0,0.48,3.47,225
DS0.8-45,0.8,45,S9,6, ,12,10,36,37.6,4,5,9,(2),(31), ,0.13,0,0.48,4.18,240
DS0.8-48,0.8,48,S9,6, ,14.5,11.7,38.4,40,4,6,10,(2),(33.5), ,0.15,0,0.48,5.31,250
DS0.8-50,0.8,50,S9,6, ,14.5,11.7,40,41.6,4,6,10,(2),(35), ,0.15,0,0.48,5.60,260
DS0.8-56,0.8,56,S9,6, ,14.5,11.7,44.8,46.4,4,6,10,(2),(39.5), ,0.17,0,0.48,6.55,270
DS0.8-60,0.8,60,S9,6, ,14.5,11.7,48,49.6,4,6,10,(2),(42.5), ,0.19,0,0.48,7.30,280
DS0.8-64,0.8,64,S9,6, ,15.5,11.7,51.2,52.8,4,6,10,(2),(46), ,0.20,0,0.48,8.64,300
DS0.8-70,0.8,70,S9,6, ,15.5,11.7,56,57.6,4,6,10,(2),(50.5), ,0.22,0,0.48,9.52,310
DS0.8-72,0.8,72,S9,6, ,15.5,11.7,57.6,59.2,4,6,10,(2),(51.5), ,0.23,0,0.48,9.85,320
DS0.8-80,0.8,80,S9,6, ,15.5,11.7,64,65.6,4,6,10,(2),(55.5), ,0.26,0,0.48,11.8,330
DS1-12,1,12,S9,4, ,8,6,12,14,6,6,12,(3),(8.5), ,0.045,0,0.60,1.10,155
DS1-15,1,15,S9,4, ,8,7,15,17,6,6,12,(3),(11), ,0.066,0,0.60,1.49,170
DS1-16,1,16,S9,5, ,10,8,16,18,6,6,12,(3),(11.5), ,0.073,0,0.60,1.87,190
DS1-18,1,18,S9,5, ,10,8,18,20,6,6,12,(3),(13.5), ,0.085,0,0.60,2.15,200
DS1-20,1,20,S9,5, ,11.7,9,20,22,6,6,12,(3),(15), ,0.098,0,0.60,2.85,210
DS1-24,1,24,S9,5, ,11.7,9,24,26,6,6,12,(3),(17), ,0.12,0,0.60,3.81,220
DS1-25,1,25,S9,5, ,11.7,9,25,27,6,6,12,(3),(20), ,0.13,0,0.60,3.76,240
DS1-28,1,28,S9,5, ,11.7,9,28,30,6,6,12,(3),(23), ,0.15,0,0.60,4.39,250
DS1-30,1,30,S9,6, ,14,12,30,32,6,6,12,(3),(24), ,0.16,0,0.60,5.46,285
DS1-32,1,32,S9,6, ,14,12,32,34,6,6,12,(3),(26.5), ,0.18,0,0.60,5.86,290
DS1-35,1,35,S9,6, ,14,12,35,37,6,6,12,(3),(29), ,0.20,0,0.60,6.73,300
DS1-36,1,36,S9,6, ,14,12,36,38,6,6,12,(3),(30), ,0.21,0,0.60,7.01,305
DS1-40,1,40,S9,8, ,16,14,40,42,6,6,12,(3),(34), ,0.24,0,0.60,8.39,315
DS1-45,1,45,S9,8, ,16,14,45,47,6,6,12,(3),(39.5), ,0.27,0,0.60,9.87,330
DS1-48,1,48,S9,8, ,16,14,48,50,6,8,14,(3),(40), ,0.30,0,0.60,12.0,360
DS1-50,1,50,S9,8, ,16,14,50,52,6,8,14,(3),(42.5), ,0.31,0,0.60,12.6,375
DS1-56,1,56,S9,8, ,18,15.6,56,58,6,8,14,(3),(48.5), ,0.36,0,0.60,15.8,380
DS1-60,1,60,S9,8, ,18,15.6,60,62,6,8,14,(3),(52.5), ,0.39,0,0.60,17.6,390
DS1-64,1,64,S9,8, ,18,15.6,64,66,6,8,14,(3),(56.5), ,0.41,0,0.60,19.4,400
DS1-70,1,70,S9,8, ,18,15.6,70,72,6,8,14,(3),(62.5), ,0.46,0,0.60,22.4,410
DS1-72,1,72,S9,8, ,18,15.6,72,74,6,8,14,(3),(64), ,0.47,0,0.60,23.7,430
DS1-80,1,80,S9,8, ,18,15.6,80,82,6,8,14,(3),(72.5), ,0.53,0,0.60,27.9,440

,モジュール, 歯数, 形状, 穴径1 A, 穴径2 A', ボス径 B, 基準円直径 C, 歯先円直径 D, 歯幅 E, ボス長さ F, 全長 G, ウェブ厚 H, リム径 I, 許容曲げ強さ (kgf･m), 許容歯面強さ (kgf･m), バックラッシ 下限 (mm), バックラッシ 上限 (mm), 質量 (g), 価格 （円）
LS0.5-12,0.5,12,S3,2,2.1,7.4,6,7,4,3,7, , ,0.011,0.0008,0.06,0.16,1.61,150
LS0.5-16,0.5,16,S3,2,2.1,9.4,8,9,4,3,7, , ,0.023,0.0015,0.06,0.16,2.84,170
LS0.5-20,0.5,20,S3,3,3.1,11.4,10,11,4,4,8, , ,0.032,0.0024,0.06,0.16,4.89,190
LS0.5-25,0.5,25,S1,3,3.1,8.5,12.5,13.5,3,4,7, , ,0.033,0.0028,0.10,0.20,4.01,220
LS0.5-30,0.5,30,S1,3,3.1,9,15,16,3,4,7, , ,0.043,0.004,0.10,0.20,5.40,240
LS0.5-40,0.5,40,S9,3,3.1,9,20,21,3,4,7,1.5,16.5,0.062,0.0073,0.10,0.20,6.77,300
LS0.5-50,0.5,50,S9,4,4.1,12,25,26,3,5,8,1.5,21.5,0.082,0.012,0.12,0.24,11.5,340
LS0.5-60,0.5,60,S9,4,4.1,12,30,31,3,5,8,1.5,26.5,0.10,0.017,0.12,0.24,14.2,390
LS0.5-70,0.5,70,S9,4,4.1,12,35,36,3,5,8,1.5,31.5,0.12,0.024,0.12,0.24,17.3,490
LS0.5-80,0.5,80,S9,4,4.1,12,40,41,3,5,8,1.5,36.5,0.14,0.032,0.12,0.24,20.8,810
LS0.8-12,0.8,12,S3,3,3.1,11.6,9.6,11.2,5,4,9, , ,0.037,0.0027,0.06,0.16,5.29,200
LS0.8-16,0.8,16,S1,3,3.1,8,12.8,14.4,4,4,8, , ,0.059,0.0039,0.06,0.16,4.84,250
LS0.8-20,0.8,20,S1,3,3.1,9,16,17.6,4,4,8, , ,0.083,0.0061,0.06,0.16,7.36,260
LS0.8-25,0.8,25,S1,3,3.1,9,20,21.6,4,4,8, , ,0.11,0.0097,0.10,0.20,10.7,290
LS0.8-30,0.8,30,S1,4,4.1,12,24,25.6,4,5,9, , ,0.15,0.014,0.10,0.20,16.6,340
LS0.8-40,0.8,40,S9,4,4.1,12,32,33.6,4,5,9,2,26.4,0.21,0.026,0.10,0.20,20.6,470
LS0.8-50,0.8,50,S9,4,4.1,12,40,41.6,4,5,9,2,34.4,0.28,0.042,0.12,0.24,28.3,560
LS0.8-60,0.8,60,S9,4,4.1,12,48,49.6,4,5,9,2,42.4,0.35,0.062,0.12,0.24,37.4,650
LS0.8-70,0.8,70,S9,5,5.1,15,56,57.6,4,6,10,2,50.4,0.42,0.085,0.12,0.24,52.0,810
LS0.8-80,0.8,80,S9,5,5.1,15,64,65.6,4,6,10,2,58.4,0.49,0.11,0.12,0.24,64.1,1210

,モジュール, 歯数, 形状, 穴径 A, 基準円直径 C, 歯先円直径 D, 歯幅 E, ねじ穴 サイズ, ねじ穴 J, 許容曲げ強さ (kgf･m), 許容歯面強さ (kgf･m), 参考ねじ締付けトルク (N･m), 参考滑り出しトルク (N･m), バックラッシ 下限 (mm), バックラッシ 上限 (mm), 質量 (kg), 価格 （円） 
SSAY0.8-28/K6 ,0.8,28,S5,6,22.4,24,6,M5,6.3,0.36,0.026,2.8,2.4,0,0.10,0.017,1470
SSAY0.8-30/K6 ,0.8,30,S5,6,24,25.6,6,M5,6.3,0.40,0.030,2.8,2.4,0,0.10,0.020,1490
SSAY0.8-30/K8 ,0.8,30,S5,8,24,25.6,6,M5,7.3,0.40,0.030,2.8,3.7,0,0.10,0.019,1490
SSAY0.8-32/K6 ,0.8,32,S5,6,25.6,27.2,6,M5,6.3,0.43,0.035,2.8,2.4,0,0.10,0.023,1520
SSAY0.8-32/K8 ,0.8,32,S5,8,25.6,27.2,6,M5,7.3,0.43,0.035,2.8,3.7,0,0.10,0.022,1520
SSAY0.8-35/K6 ,0.8,35,S5,6,28,29.6,6,M5,6.3,0.49,0.042,2.8,2.4,0,0.10,0.028,1540
SSAY0.8-35/K8 ,0.8,35,S5,8,28,29.6,6,M5,7.3,0.49,0.042,2.8,3.7,0,0.10,0.027,1540
SSAY0.8-36/K6 ,0.8,36,S5,6,28.8,30.4,6,M5,6.3,0.50,0.044,2.8,2.4,0,0.10,0.029,1550
SSAY0.8-36/K8 ,0.8,36,S5,8,28.8,30.4,6,M5,7.3,0.50,0.044,2.8,3.7,0,0.10,0.028,1550
SSAY0.8-40/K6 ,0.8,40,S5,6,32,33.6,6,M5,6.3,0.58,0.055,2.8,2.4,0,0.10,0.037,1610
SSAY0.8-40/K8 ,0.8,40,S5,8,32,33.6,6,M5,7.3,0.58,0.055,2.8,3.7,0,0.10,0.036,1610
SSAY0.8-40/K10,0.8,40,S5,10,32,33.6,6,M5,8.3,0.58,0.055,2.8,3.9,0,0.10,0.034,1610
SSAY0.8-45/K6 ,0.8,45,S5,6,36,37.6,6,M5,6.3,0.67,0.071,2.8,2.4,0,0.10,0.047,1650
SSAY0.8-45/K8 ,0.8,45,S5,8,36,37.6,6,M5,7.3,0.67,0.071,2.8,3.7,0,0.10,0.046,1650
SSAY0.8-45/K10,0.8,45,S5,10,36,37.6,6,M5,8.3,0.67,0.071,2.8,3.9,0,0.10,0.044,1650
SSAY0.8-48/K6 ,0.8,48,S5,6,38.4,40,6,M5,6.3,0.72,0.081,2.8,2.4,0,0.10,0.053,1690
SSAY0.8-48/K8 ,0.8,48,S5,8,38.4,40,6,M5,7.3,0.72,0.081,2.8,3.7,0,0.10,0.052,1690
SSAY0.8-48/K10,0.8,48,S5,10,38.4,40,6,M5,8.3,0.72,0.081,2.8,3.9,0,0.10,0.051,1690
SSAY0.8-50/K6 ,0.8,50,S5,6,40,41.6,6,M5,6.3,0.76,0.089,2.8,2.4,0,0.10,0.058,1720
SSAY0.8-50/K8 ,0.8,50,S5,8,40,41.6,6,M5,7.3,0.76,0.089,2.8,3.7,0,0.10,0.057,1720
SSAY0.8-50/K10,0.8,50,S5,10,40,41.6,6,M5,8.3,0.76,0.089,2.8,3.9,0,0.10,0.055,1720
SSAY0.8-55/K6 ,0.8,55,S5,6,44,45.6,6,M5,6.3,0.86,0.11,2.8,2.4,0,0.10,0.070,1780
SSAY0.8-55/K8 ,0.8,55,S5,8,44,45.6,6,M5,7.3,0.86,0.11,2.8,3.7,0,0.10,0.069,1780
SSAY0.8-55/K10,0.8,55,S5,10,44,45.6,6,M5,8.3,0.86,0.11,2.8,3.9,0,0.10,0.068,1780
SSAY0.8-56/K6 ,0.8,56,S5,6,44.8,46.4,6,M5,6.3,0.87,0.11,2.8,2.4,0,0.10,0.073,1800
SSAY0.8-56/K8 ,0.8,56,S5,8,44.8,46.4,6,M5,7.3,0.87,0.11,2.8,3.7,0,0.10,0.072,1800
SSAY0.8-56/K10,0.8,56,S5,10,44.8,46.4,6,M5,8.3,0.87,0.11,2.8,3.9,0,0.10,0.071,1800
SSAY0.8-60/K6 ,0.8,60,S5,6,48,49.6,6,M5,6.3,0.95,0.13,2.8,2.4,0,0.10,0.084,1880
SSAY0.8-60/K8 ,0.8,60,S5,8,48,49.6,6,M5,7.3,0.95,0.13,2.8,3.7,0,0.10,0.083,1880
SSAY0.8-60/K10,0.8,60,S5,10,48,49.6,6,M5,8.3,0.95,0.13,2.8,3.9,0,0.10,0.082,1880
SSAY1-24/K6   ,1,24,S5,6,24,26,6,M5,6.3,0.46,0.030,2.8,2.4,0.08,0.18,0.020,1390
SSAY1-25/K6   ,1,25,S5,6,25,27,6,M5,6.3,0.48,0.033,2.8,2.4,0.08,0.18,0.022,1510
SSAY1-25/K8   ,1,25,S5,8,25,27,6,M5,7.3,0.48,0.033,2.8,3.7,0.08,0.18,0.021,1510
SSAY1-28/K6   ,1,28,S5,6,28,30,6,M5,6.3,0.57,0.042,2.8,2.4,0.08,0.18,0.028,1540
SSAY1-28/K8   ,1,28,S5,8,28,30,6,M5,7.3,0.57,0.042,2.8,3.7,0.08,0.18,0.027,1540
SSAY1-28/K10  ,1,28,S5,10,28,30,6,M5,8.3,0.57,0.042,2.8,3.9,0.08,0.18,0.025,1540
SSAY1-30/K6   ,1,30,S5,6,30,32,6,M5,6.3,0.62,0.048,2.8,2.4,0.08,0.18,0.032,1560
SSAY1-30/K8   ,1,30,S5,8,30,32,6,M5,7.3,0.62,0.048,2.8,3.7,0.08,0.18,0.031,1560
SSAY1-30/K10  ,1,30,S5,10,30,32,6,M5,8.3,0.62,0.048,2.8,3.9,0.08,0.18,0.030,1560
SSAY1-32/K6   ,1,32,S5,6,32,34,6,M5,6.3,0.68,0.055,2.8,2.4,0.08,0.18,0.037,1580
SSAY1-32/K8   ,1,32,S5,8,32,34,6,M5,7.3,0.68,0.055,2.8,3.7,0.08,0.18,0.036,1580
SSAY1-32/K10  ,1,32,S5,10,32,34,6,M5,8.3,0.68,0.055,2.8,3.9,0.08,0.18,0.034,1580
SSAY1-35/K6   ,1,35,S5,6,35,37,6,M5,6.3,0.76,0.067,2.8,2.4,0.08,0.18,0.044,1620
SSAY1-35/K8   ,1,35,S5,8,35,37,6,M5,7.3,0.76,0.067,2.8,3.7,0.08,0.18,0.043,1620
SSAY1-35/K10  ,1,35,S5,10,35,37,6,M5,8.3,0.76,0.067,2.8,3.9,0.08,0.18,0.042,1620
SSAY1-36/K6   ,1,36,S5,6,36,38,6,M5,6.3,0.79,0.071,2.8,2.4,0.08,0.18,0.047,1650
SSAY1-36/K8   ,1,36,S5,8,36,38,6,M5,7.3,0.79,0.071,2.8,3.7,0.08,0.18,0.046,1650
SSAY1-36/K10  ,1,36,S5,10,36,38,6,M5,8.3,0.79,0.071,2.8,3.9,0.08,0.18,0.044,1650
SSAY1-40/K6   ,1,40,S5,6,40,42,6,M5,6.3,0.90,0.089,2.8,2.4,0.08,0.18,0.058,1690
SSAY1-40/K8   ,1,40,S5,8,40,42,6,M5,7.3,0.90,0.089,2.8,3.7,0.08,0.18,0.057,1690
SSAY1-40/K10,1,40,S5,10,40,42,6,M5,8.3,0.90,0.089,2.8,3.9,0.08,0.18,0.055,1690
SSAY1-45/K6 ,1,45,S5,6,45,47,6,M5,6.3,1.05,0.11,2.8,2.4,0.08,0.18,0.074,1770
SSAY1-45/K8 ,1,45,S5,8,45,47,6,M5,7.3,1.05,0.11,2.8,3.7,0.08,0.18,0.073,1770
SSAY1-45/K10,1,45,S5,10,45,47,6,M5,8.3,1.05,0.11,2.8,3.9,0.08,0.18,0.071,1770
SSAY1-48/K6 ,1,48,S5,6,48,50,6,M5,6.3,1.13,0.13,2.8,2.4,0.08,0.18,0.084,1840
SSAY1-48/K8 ,1,48,S5,8,48,50,6,M5,7.3,1.13,0.13,2.8,3.7,0.08,0.18,0.083,1840
SSAY1-48/K10,1,48,S5,10,48,50,6,M5,8.3,1.13,0.13,2.8,3.9,0.08,0.18,0.082,1840
SSAY1-50/K8 ,1,50,S5,8,50,52,6,M5,7.3,1.19,0.14,2.8,3.7,0.08,0.18,0.090,1880
SSAY1-50/K10,1,50,S5,10,50,52,6,M5,8.3,1.19,0.14,2.8,3.9,0.08,0.18,0.089,1880
SSAY1-50/K12,1,50,S5,12,50,52,6,M6,9.9,1.19,0.14,4,6.6,0.08,0.18,0.087,1880
SSAY1-55/K8 ,1,55,S5,8,55,57,6,M5,7.3,1.34,0.17,2.8,3.7,0.08,0.18,0.11,1950
SSAY1-55/K10,1,55,S5,10,55,57,6,M5,8.3,1.34,0.17,2.8,3.9,0.08,0.18,0.11,1950
SSAY1-55/K12,1,55,S5,12,55,57,6,M6,9.9,1.34,0.17,4,6.6,0.08,0.18,0.11,1950
SSAY1-56/K8 ,1,56,S5,8,56,58,6,M5,7.3,1.37,0.18,2.8,3.7,0.08,0.18,0.11,1970
SSAY1-56/K10,1,56,S5,10,56,58,6,M5,8.3,1.37,0.18,2.8,3.9,0.08,0.18,0.11,1970
SSAY1-56/K12,1,56,S5,12,56,58,6,M6,9.9,1.37,0.18,4,6.6,0.08,0.18,0.11,1970
SSAY1-60/K8 ,1,60,S5,8,60,62,6,M5,7.3,1.48,0.21,2.8,3.7,0.08,0.18,0.13,2050
SSAY1-60/K10,1,60,S5,10,60,62,6,M5,8.3,1.48,0.21,2.8,3.9,0.08,0.18,0.13,2050
SSAY1-60/K12,1,60,S5,12,60,62,6,M6,9.9,1.48,0.21,4,6.6,0.08,0.18,0.13,2050

,モジュール, 歯数, 形状, 穴径 A, ボス径 B, 基準円直径 C, 歯先円直径 D, 歯幅 E, ボス長さ F, 全長 G, キーみぞ 幅, キーみぞ 深さ, ねじ穴 サイズ, ねじ穴 J, 許容曲げ強さ (kgf･m), 許容歯面強さ (kgf･m), バックラッシ 下限 (mm), バックラッシ 上限 (mm), 質量 (kg), 価格 （円）
SSY0.8-20  ,0.8,20,S1,5,13.5,16,17.6,4,8,12, , , , ,0.15,0.0087,0,0.10,0.013,490
SSY0.8-20A ,0.8,20,S1T,5,13.5,16,17.6,4,8,12, , ,M4,4,0.15,0.0087,0,0.10,0.013,690
SSY0.8-25  ,0.8,25,S1,5,17,20,21.6,4,8,12, , , , ,0.21,0.014,0,0.10,0.022,530
SSY0.8-25A ,0.8,25,S1T,5,17,20,21.6,4,8,12, , ,M4,4,0.21,0.014,0,0.10,0.022,730
SSY0.8-30  ,0.8,30,S1,5,20,24,25.6,4,8,12, , , , ,0.27,0.020,0,0.10,0.032,610
SSY0.8-30A ,0.8,30,S1T,5,20,24,25.6,4,8,12, , ,M4,4,0.27,0.020,0,0.10,0.031,790
SSY0.8-40  ,0.8,40,S1,5,25,32,33.6,4,8,12, , , , ,0.39,0.037,0,0.10,0.054,750
SSY0.8-40A ,0.8,40,S1T,6,25,32,33.6,4,8,12, , ,M4,4,0.39,0.037,0,0.10,0.053,950
SSY0.8-50  ,0.8,50,S1,5,25,40,41.6,4,8,12, , , , ,0.51,0.059,0,0.10,0.068,920
SSY0.8-50A ,0.8,50,S1T,6,25,40,41.6,4,8,12, , ,M4,4,0.51,0.059,0,0.10,0.067,1150
SSY1-12    ,1,12,S1,5,9,12,14,6,8,14, , , , ,0.12,0.007,0.08,0.18,0.0072,340
SSY1-12A   ,1,12,S1T,5,9,12,14,6,8,14, , ,M4,4,0.12,0.007,0.08,0.18,0.0070,490
SSY1-14    ,1,14,S1,5,11,14,16,6,8,14, , , , ,0.20,0.0098,0.08,0.18,0.011,360
SSY1-14A   ,1,14,S1T,5,11,14,16,6,8,14, , ,M4,4,0.20,0.0098,0.08,0.18,0.011,500
SSY1-15    ,1,15,S1,6,12,15,17,6,8,14, , , , ,0.23,0.011,0.08,0.18,0.012,370
SSY1-15A   ,1,15,S1T,6,12,15,17,6,8,14, , ,M4,4,0.23,0.011,0.08,0.18,0.012,510
SSY1-16    ,1,16,S1,6,13,16,18,6,8,14, , , , ,0.25,0.013,0.08,0.18,0.015,380
SSY1-16A   ,1,16,S1T,6,13,16,18,6,8,14, , ,M4,4,0.25,0.013,0.08,0.18,0.014,510
SSY1-18    ,1,18,S1,6,14,18,20,6,8,14, , , , ,0.30,0.017,0.08,0.18,0.019,390
SSY1-18A   ,1,18,S1T,6,14,18,20,6,8,14, , ,M4,4,0.30,0.017,0.08,0.18,0.018,510
SSY1-20    ,1,20,S1,6,16,20,22,6,8,14, , , , ,0.35,0.021,0.08,0.18,0.024,420
SSY1-20A   ,1,20,S1T,6,16,20,22,6,8,14, , ,M4,4,0.35,0.021,0.08,0.18,0.024,560
SSY1-20B   ,1,20,S1T,8,16,20,22,6,8,14, , ,M5,4,0.35,0.021,0.08,0.18,0.021,560
SSY1-24    ,1,24,S1,6,16,24,26,6,8,14, , , , ,0.46,0.030,0.08,0.18,0.031,450
SSY1-24A   ,1,24,S1T,6,16,24,26,6,8,14, , ,M4,4,0.46,0.030,0.08,0.18,0.030,590
SSY1-24B   ,1,24,S1T,8,16,24,26,6,8,14, , ,M5,4,0.46,0.030,0.08,0.18,0.028,590
SSY1-25    ,1,25,S1,6,16,25,27,6,8,14, , , , ,0.48,0.033,0.08,0.18,0.033,460
SSY1-25A   ,1,25,S1T,6,16,25,27,6,8,14, , ,M4,4,0.48,0.033,0.08,0.18,0.032,590
SSY1-28    ,1,28,S1,6,16,28,30,6,8,14, , , , ,0.57,0.042,0.08,0.18,0.039,490
SSY1-28A   ,1,28,S1T,6,16,28,30,6,8,14, , ,M4,4,0.57,0.042,0.08,0.18,0.038,630
SSY1-30    ,1,30,S1,6,25,30,32,6,8,14, , , , ,0.62,0.048,0.08,0.18,0.061,500
SSY1-30A   ,1,30,S1T,6,25,30,32,6,8,14, , ,M4,4,0.62,0.048,0.08,0.18,0.060,660
SSY1-30B   ,1,30,S1T,8,25,30,32,6,8,14, , ,M5,4,0.62,0.048,0.08,0.18,0.057,660
SSY1-32    ,1,32,S1,6,25,32,34,6,8,14, , , , ,0.68,0.055,0.08,0.18,0.066,510
SSY1-32A   ,1,32,S1T,6,25,32,34,6,8,14, , ,M4,4,0.68,0.055,0.08,0.18,0.065,690
SSY1-35    ,1,35,S1,6,25,35,37,6,8,14, , , , ,0.76,0.067,0.08,0.18,0.073,540
SSY1-35A   ,1,35,S1T,8,25,35,37,6,8,14, , ,M5,4,0.76,0.067,0.08,0.18,0.069,740
SSY1-35B   ,1,35,S1K,10,25,35,37,6,8,14,4,1.8,M4,4,0.76,0.067,0.08,0.18,0.066,860
SSY1-36    ,1,36,S1,6,25,36,38,6,8,14, , , , ,0.79,0.071,0.08,0.18,0.076,570
SSY1-36A   ,1,36,S1T,8,25,36,38,6,8,14, , ,M5,4,0.79,0.071,0.08,0.18,0.072,750
SSY1-36B   ,1,36,S1K,10,25,36,38,6,8,14,4,1.8,M4,4,0.79,0.071,0.08,0.18,0.069,870
SSY1-40    ,1,40,S1,8,28,40,42,6,8,14, , , , ,0.90,0.089,0.08,0.18,0.092,610
SSY1-40A   ,1,40,S1T,8,28,40,42,6,8,14, , ,M5,4,0.90,0.089,0.08,0.18,0.091,840
SSY1-40B   ,1,40,S1K,10,28,40,42,6,8,14,4,1.8,M4,4,0.90,0.089,0.08,0.18,0.088,1070
SSY1-45    ,1,45,S1,8,28,45,47,6,8,14, , , , ,1.05,0.11,0.08,0.18,0.11,690
SSY1-45A   ,1,45,S1T,8,28,45,47,6,8,14, , ,M5,4,1.05,0.11,0.08,0.18,0.11,940
SSY1-48    ,1,48,S1,8,28,48,50,6,8,14, , , , ,1.13,0.13,0.08,0.18,0.12,780
SSY1-48A   ,1,48,S1T,8,28,48,50,6,8,14, , ,M5,4,1.13,0.13,0.08,0.18,0.12,1020
SSY1-50    ,1,50,S1,8,28,50,52,6,8,14, , , , ,1.19,0.14,0.08,0.18,0.13,790
SSY1-50A   ,1,50,S1T,8,28,50,52,6,8,14, , ,M5,4,1.19,0.14,0.08,0.18,0.12,1030
SSY1-55  ,1,55,S1,8,28,55,57,6,8,14, , , , ,1.34,0.17,0.08,0.18,0.15,870
SSY1-55A ,1,55,S1K,10,28,55,57,6,8,14,4,1.8,M4,4,1.34,0.17,0.08,0.18,0.14,1360
SSY1-56  ,1,56,S1,8,28,56,58,6,8,14, , , , ,1.37,0.18,0.08,0.18,0.15,890
SSY1-56A ,1,56,S1K,10,28,56,58,6,8,14,4,1.8,M4,4,1.37,0.18,0.08,0.18,0.14,1360
SSY1-60  ,1,60,S1,8,35,60,62,6,8,14, , , , ,1.48,0.21,0.08,0.18,0.19,970
SSY1-60A ,1,60,S1K,10,35,60,62,6,8,14,4,1.8,M4,4,1.48,0.21,0.08,0.18,0.18,1490
SSY1-60B ,1,60,S1K,12,35,60,62,6,8,14,4,1.8,M4,4,1.48,0.21,0.08,0.18,0.18,1490
SSY1-64  ,1,64,S1,8,35,64,66,6,8,14, , , , ,1.6,0.24,0.08,0.18,0.21,1100
SSY1-64A ,1,64,S1K,10,35,64,66,6,8,14,4,1.8,M4,4,1.6,0.24,0.08,0.18,0.20,1590
SSY1-65  ,1,65,S1,8,35,65,67,6,8,14, , , , ,1.63,0.25,0.08,0.18,0.21,1110
SSY1-65A ,1,65,S1K,10,35,65,67,6,8,14,4,1.8,M4,4,1.63,0.25,0.08,0.18,0.21,1590
SSY1-70  ,1,70,S1,8,35,70,72,6,8,14, , , , ,1.78,0.29,0.08,0.18,0.24,1220
SSY1-70A ,1,70,S1K,10,35,70,72,6,8,14,4,1.8,M4,4,1.78,0.29,0.08,0.18,0.23,1730
SSY1-72  ,1,72,S1,8,35,72,74,6,8,14, , , , ,1.84,0.30,0.08,0.18,0.25,1310
SSY1-72A ,1,72,S1K,10,35,72,74,6,8,14,4,1.8,M4,4,1.84,0.30,0.08,0.18,0.24,1790
SSY1-75  ,1,75,S1,8,35,75,77,6,8,14, , , , ,1.93,0.33,0.08,0.18,0.26,1360
SSY1-75A ,1,75,S1K,10,35,75,77,6,8,14,4,1.8,M4,4,1.93,0.33,0.08,0.18,0.26,1880
SSY1-80  ,1,80,S1,10,40,80,82,6,8,14, , , , ,2.07,0.38,0.08,0.18,0.31,1510
SSY1-80A ,1,80,S1K,12,35,80,82,6,8,14,4,1.8,M4,4,2.07,0.38,0.08,0.18,0.28,2040
SSY1-85  ,1,85,S1,10,40,85,87,6,8,14, , , , ,2.22,0.43,0.08,0.18,0.34,1630
SSY1-85A ,1,85,S1K,12,35,85,87,6,8,14,4,1.8,M4,4,2.22,0.43,0.08,0.18,0.31,2170
SSY1-90  ,1,90,S1,10,40,90,92,6,8,14, , , , ,2.37,0.49,0.08,0.18,0.37,1730
SSY1-90A ,1,90,S1K,12,35,90,92,6,8,14,4,1.8,M4,4,2.37,0.49,0.08,0.18,0.35,2310
SSY1-95  ,1,95,S1,10,40,95,97,6,8,14, , , , ,2.52,0.55,0.08,0.18,0.40,1860
SSY1-95A ,1,95,S1K,12,35,95,97,6,8,14,4,1.8,M4,4,2.52,0.55,0.08,0.18,0.38,2440
SSY1-96  ,1,96,S1,10,40,96,98,6,8,14, , , , ,2.55,0.56,0.08,0.18,0.41,1870
SSY1-96A ,1,96,S1K,12,35,96,98,6,8,14,4,1.8,M4,4,2.55,0.56,0.08,0.18,0.39,2450
SSY1-100 ,1,100,S1,10,50,100,102,6,8,14, , , , ,2.67,0.61,0.08,0.18,0.48,2090
SSY1-100A,1,100,S1K,12,35,100,102,6,8,14,4,1.8,M4,4,2.67,0.61,0.08,0.18,0.42,2730
SSY1-110 ,1,110,S1,10,50,110,112,6,8,14, , , , ,2.97,0.75,0.08,0.18,0.56,2360
SSY1-110A,1,110,S1K,12,35,110,112,6,8,14,4,1.8,M4,4,2.97,0.75,0.08,0.18,0.49,3030
SSY1-120 ,1,120,S1,10,50,120,122,6,8,14, , , , ,3.27,0.90,0.08,0.18,0.65,2660
SSY1-120A,1,120,S1K,12,35,120,122,6,8,14,4,1.8,M4,4,3.27,0.90,0.08,0.18,0.58,3400

,モジュール, 歯数, 形状, 穴径 A, ボス径 B, 基準円直径 C, 歯先円直径 D, 歯幅 E, ボス長さ F, 全長 G, ウェブ厚 H, リム径 I, キーみぞ 幅, キーみぞ 深さ, ねじ穴 サイズ, ねじ穴 J, 許容曲げ強さ (kgf･m), 許容歯面強さ (kgf･m), バックラッシ 下限 (mm), バックラッシ 上限 (mm), 質量 (kg), 価格 （円）, Jシリーズ価格 1-4個, J シリーズ価格 5-10個, J シリーズ価格 11-20個
SS0.5-15A , 0.5,15,S3T,3,8.5,7.5,8.5,5,11,16, , , , ,M3,2.5,0.047,0.0022,0,0.10, 0.0056,570, , , 
SS0.5-16A , 0.5,16,S3T,3,9,8,9,5,11,16, , , , ,M3,2.5,0.052,0.0025,0,0.10, 0.0064,570, , , 
SS0.5-17A , 0.5,17,S3T,3,9.5,8.5,9.5,5,11,16, , , , ,M3,2.5,0.057,0.0029,0,0.10, 0.0073,570, , , 
SS0.5-18A , 0.5,18,S3T,4,10,9,10,5,11,16, , , , ,M3,2.5,0.063,0.0033,0,0.10, 0.0076,630, , , 
SS0.5-19A , 0.5,19,S3T,4,10.5,9.5,10.5,5,11,16, , , , ,M3,2.5,0.068,0.0036,0,0.10, 0.0085,630, , , 
SS0.5-20A , 0.5,20,S3T,3,11,10,11,5,11,16, , , , ,M3,2.5,0.073,0.0041,0,0.10, 0.010,630, , , 
SS0.5-20B , 0.5,20,S3T,4,11,10,11,5,11,16, , , , ,M3,2.5,0.073,0.0041,0,0.10, 0.0095,630, , , 
SS0.5-21A , 0.5,21,S3T,4,11.5,10.5,11.5,5,11,16, , , , ,M3,2.5,0.079,0.0045,0, 0.10,0.011,630, , , 
SS0.5-22A , 0.5,22,S3T,4,12,11,12,5,11,16, , , , ,M3,2.5,0.084,0.0050,0,0.10, 0.012,650, , , 
SS0.5-23A , 0.5,23,S3T,4,12.5,11.5,12.5,5,11,16, , , , ,M3,2.5,0.090,0.0055,0, 0.10,0.013,650, , , 
SS0.5-24A , 0.5,24,S3T,4,13,12,13,5,11,16, , , , ,M3,2.5,0.095,0.0060,0,0.10, 0.014,680, , , 
SS0.5-24B , 0.5,24,S3T,5,13,12,13,5,11,16, , , , ,M4,3,0.095,0.0060,0,0.10, 0.013,680, , , 
SS0.5-25A , 0.5,25,S3T,4,13.5,12.5,13.5,5,11,16, , , , ,M3,2.5,0.10,0.0065,0,0.10, 0.015,700, , , 
SS0.5-25B , 0.5,25,S3T,5,13.5,12.5,13.5,5,11,16, , , , ,M4,3,0.10,0.0065,0,0.10, 0.014,700, , , 
SS0.5-26A , 0.5,26,S3T,4,14,13,14,5,11,16, , , , ,M3,2.5,0.11,0.0071,0,0.10, 0.017,700, , , 
SS0.5-27A , 0.5,27,S3T,4,14.5,13.5,14.5,5,11,16, , , , ,M3,2.5,0.11,0.0076,0,0.10, 0.018,700, , , 
SS0.5-28A , 0.5,28,S1T,4,12,14,15,5,7,12, , , , ,M3,3.5,0.12,0.0082,0,0.10, 0.011,700, , , 
SS0.5-29A , 0.5,29,S1T,4,12,14.5,15.5,5,7,12, , , , ,M3,3.5,0.12,0.0088,0,0.10, 0.011,700, , , 
SS0.5-30A , 0.5,30,S1T,4,13,15,16,5,7,12, , , , ,M3,3.5,0.13,0.0095,0,0.10, 0.013,740, , , 
SS0.5-30B , 0.5,30,S1T,5,13,15,16,5,7,12, , , , ,M4,3.5,0.13,0.0095,0,0.10, 0.012,740, , , 
SS0.5-30C , 0.5,30,S1T,6,13,15,16,5,7,12, , , , ,M4,3.5,0.13,0.0095,0,0.10, 0.011,740, , , 
SS0.5-32A , 0.5,32,S1T,5,14,16,17,5,7,12, , , , ,M4,3.5,0.14,0.011,0,0.10, 0.014,750, , , 
SS0.5-34A , 0.5,34,S1T,5,15,17,18,5,7,12, , , , ,M4,3.5,0.15,0.012,0,0.10, 0.016,760, , , 
SS0.5-35A , 0.5,35,S1T,5,15,17.5,18.5,5,7,12, , , , ,M4,3.5,0.16,0.013,0,0.10, 0.017,770, , , 
SS0.5-36A , 0.5,36,S1T,5,16,18,19,5,7,12, , , , ,M4,3.5,0.16,0.014,0,0.10, 0.019,770, , , 
SS0.5-38A , 0.5,38,S1T,5,16,19,20,5,7,12, , , , ,M4,3.5,0.18,0.015,0,0.10, 0.020,780, , , 
SS0.5-40A , 0.5,40,S1T,5,18,20,21,5,7,12, , , , ,M4,3.5,0.19,0.017,0,0.10, 0.024,800, , , 
SS0.5-40B , 0.5,40,S1T,6,18,20,21,5,7,12, , , , ,M4,3.5,0.19,0.017,0,0.10, 0.023,800, , , 
SS0.5-42A , 0.5,42,S1T,5,18,21,22,5,7,12, , , , ,M4,3.5,0.20,0.019,0,0.10, 0.025,860, , , 
SS0.5-44A , 0.5,44,S1T,5,20,22,23,5,7,12, , , , ,M4,3.5,0.21,0.021,0,0.10, 0.030,860, , , 
SS0.5-45A , 0.5,45,S1T,5,20,22.5,23.5,5,7,12, , , , ,M4,3.5,0.22,0.022,0,0.10, 0.030,860, , , 
SS0.5-46A , 0.5,46,S1T,5,20,23,24,5,7,12, , , , ,M4,3.5,0.22,0.023,0,0.10, 0.031,880, , , 
SS0.5-48A , 0.5,48,S1T,5,22,24,25,5,7,12, , , , ,M4,3.5,0.24,0.025,0,0.10, 0.036,890, , , 
SS0.5-50A , 0.5,50,S1T,5,22,25,26,5,7,12, , , , ,M4,3.5,0.25,0.027,0,0.10, 0.038,930, , , 
SS0.5-50B , 0.5,50,S1T,6,22,25,26,5,7,12, , , , ,M4,3.5,0.25,0.027,0,0.10, 0.037,930, , , 
SS0.5-52A , 0.5,52,S1T,5,22,26,27,5,7,12, , , , ,M4,3.5,0.26,0.030,0,0.10, 0.039,940, , , 
SS0.5-54A , 0.5,54,S1T,5,25,27,28,5,7,12, , , , ,M4,3.5,0.27,0.032,0,0.10, 0.047,960, , , 
SS0.5-55A , 0.5,55,S1T,5,25,27.5,28.5,5,7,12, , , , ,M4,3.5,0.28,0.033,0,0.10, 0.048,960, , , 
SS0.5-56A , 0.5,56,S1T,5,25,28,29,5,7,12, , , , ,M4,3.5,0.28,0.035,0,0.10,0.048, 1020, , , 
SS0.5-58A , 0.5,58,S1T,5,25,29,30,5,7,12, , , , ,M4,3.5,0.30,0.037,0,0.10,0.050, 1020, , , 
SS0.5-60A , 0.5,60,S1T,6,28,30,31,5,7,12, , , , ,M4,3.5,0.31,0.040,0,0.10,0.058, 1100, , , 
SS0.5-60B , 0.5,60,S1T,8,28,30,31,5,7,12, , , , ,M5,3.5,0.31,0.040,0,0.10,0.055, 1100, , , 
SS0.5-62A , 0.5,62,S1T,6,28,31,32,5,7,12, , , , ,M4,3.5,0.32,0.043,0,0.10,0.060, 1120, , , 
SS0.5-64A , 0.5,64,S1T,6,28,32,33,5,7,12, , , , ,M4,3.5,0.33,0.046,0,0.10,0.062, 1170, , , 
SS0.5-65A , 0.5,65,S1T,6,28,32.5,33.5,5,7,12, , , , ,M4,3.5,0.34,0.048,0,0.10,0.063, 1170, , , 
SS0.5-66A , 0.5,66,S1T,6,28,33,34,5,7,12, , , , ,M4,3.5,0.35,0.049,0,0.10,0.064, 1170, , , 
SS0.5-68A , 0.5,68,S1T,6,28,34,35,5,7,12, , , , ,M4,3.5,0.36,0.052,0,0.10,0.066, 1210, , , 
SS0.5-70A , 0.5,70,S1T,6,28,35,36,5,7,12, , , , ,M4,3.5,0.37,0.056,0,0.10,0.068, 1230, , , 
SS0.5-70B , 0.5,70,S1T,8,28,35,36,5,7,12, , , , ,M5,3.5,0.37,0.056,0,0.10,0.065, 1230, , , 
SS0.5-72A , 0.5,72,S1T,6,28,36,37,5,7,12, , , , ,M4,3.5,0.38,0.059,0,0.10,0.070, 1260, , , 

SS0.5-75A , 0.5,75,S1T,6,28,37.5,38.5,5,7,12, , , , ,M4,3.5,0.40,0.064,0,0.10,0.074, 1270, , , 
SS0.5-76A , 0.5,76,S1T,6,28,38,39,5,7,12, , , , ,M4,3.5,0.41,0.066,0,0.10,0.075, 1280, , , 
SS0.5-80A , 0.5,80,S1T,6,28,40,41,5,7,12, , , , ,M4,3.5,0.43,0.074,0,0.10,0.079, 1330, , , 
SS0.5-80B , 0.5,80,S1T,8,28,40,41,5,7,12, , , , ,M5,3.5,0.43,0.074,0,0.10,0.077, 1330, , , 
SS0.5-84A , 0.5,84,S1T,8,28,42,43,5,7,12, , , , ,M5,3.5,0.46,0.082,0,0.10,0.082, 1360, , , 
SS0.5-85A , 0.5,85,S1T,8,28,42.5,43.5,5,7,12, , , , ,M5,3.5,0.46,0.084,0,0.10,0.083, 1370, , , 
SS0.5-88A , 0.5,88,S1T,8,28,44,45,5,7,12, , , , ,M5,3.5,0.48,0.090,0,0.10,0.087, 1390, , , 
SS0.5-90A , 0.5,90,S1T,8,28,45,46,5,7,12, , , , ,M5,3.5,0.49,0.095,0,0.10,0.090, 1440, , , 
SS0.5-95A , 0.5,95,S1T,8,28,47.5,48.5,5,7,12, , , , ,M5,3.5,0.53,0.11,0,0.10, 0.097,1460, , , 
SS0.5-96A , 0.5,96,S1T,8,28,48,49,5,7,12, , , , ,M5,3.5,0.53,0.11,0,0.10, 0.099,1700, , , 
SS0.5-100A ,0.5,100,S1T,8,28,50,51,5,7,12, , , , ,M5,3.5,0.56,0.12,0,0.10, 0.10,1730, , , 
SS0.5-105A ,0.5,105,S1T,8,28,52.5,53.5,5,7,12, , , , ,M5,3.5,0.59,0.13,0,0.10, 0.11,1790, , , 
SS0.5-110A ,0.5,110,S1T,8,28,55,56,5,7,12, , , , ,M5,3.5,0.62,0.14,0,0.10, 0.12,1840, , , 
SS0.5-115A ,0.5,115,S1T,8,28,57.5,58.5,5,7,12, , , , ,M5,3.5,0.65,0.16,0,0.10, 0.13,1850, , , 
SS0.5-120A ,0.5,120,S1T,8,28,60,61,5,7,12, , , , ,M5,3.5,0.68,0.17,0,0.10, 0.14,1920, , , 
SS0.8-15A , 0.8,15,S3T,5,13.6,12,13.6,8,14,22, , , , ,M4,3.5,0.19,0.0090,0,0.10, 0.019,700, , , 
SS0.8-16A , 0.8,16,S3T,5,14.4,12.8,14.4,8,14,22, , , , ,M4,3.5,0.21,0.010,0,0.10, 0.022,700, , , 
SS0.8-17A , 0.8,17,S3T,5,15.2,13.6,15.2,8,14,22, , , , ,M4,3.5,0.23,0.012,0,0.10, 0.025,760, , , 
SS0.8-18A , 0.8,18,S3T,5,16,14.4,16,8,14,22, , , , ,M4,3.5,0.26,0.013,0,0.10, 0.028,760, , , 
SS0.8-19A , 0.8,19,S1T,5,12,15.2,16.8,8,8,16, , , , ,M4,4,0.28,0.015,0,0.10, 0.016,760, , , 
SS0.8-20A , 0.8,20,S1T,5,13,16,17.6,8,8,16, , , , ,M4,4,0.30,0.017,0,0.10, 0.018,790, , , 
SS0.8-20B , 0.8,20,S1T,6,13,16,17.6,8,8,16, , , , ,M4,4,0.30,0.017,0,0.10, 0.017,790, , , 
SS0.8-21A , 0.8,21,S1T,6,14,16.8,18.4,8,8,16, , , , ,M4,4,0.32,0.019,0,0.10, 0.020,790, , , 
SS0.8-22A , 0.8,22,S1T,6,15,17.6,19.2,8,8,16, , , , ,M4,4,0.34,0.021,0,0.10, 0.022,790, , , 
SS0.8-23A , 0.8,23,S1T,6,15,18.4,20,8,8,16, , , , ,M4,4,0.37,0.023,0,0.10, 0.024,790, , , 
SS0.8-24A , 0.8,24,S1T,5,16,19.2,20.8,8,8,16, , , , ,M4,4,0.39,0.025,0,0.10, 0.028,860, , , 
SS0.8-24B , 0.8,24,S1T,6,16,19.2,20.8,8,8,16, , , , ,M4,4,0.39,0.025,0,0.10, 0.027,860, , , 
SS0.8-25A , 0.8,25,S1T,5,16,20,21.6,8,8,16, , , , ,M4,4,0.41,0.027,0,0.10, 0.029,910, , , 
SS0.8-25B , 0.8,25,S1T,6,16,20,21.6,8,8,16, , , , ,M4,4,0.41,0.027,0,0.10, 0.028,910, , , 
SS0.8-26A , 0.8,26,S1T,6,18,20.8,22.4,8,8,16, , , , ,M4,4,0.44,0.030,0,0.10, 0.033,940, , , 
SS0.8-27A , 0.8,27,S1T,6,18,21.6,23.2,8,8,16, , , , ,M4,4,0.46,0.032,0,0.10, 0.035,940, , , 
SS0.8-28A , 0.8,28,S1T,6,18,22.4,24,8,8,16, , , , ,M4,4,0.48,0.035,0,0.10, 0.037,960, , , 
SS0.8-29A , 0.8,29,S1T,6,20,23.2,24.8,8,8,16, , , , ,M4,4,0.51,0.037,0,0.10, 0.042,960, , , 
SS0.8-30A , 0.8,30,S1T,5,20,24,25.6,8,8,16, , , , ,M4,4,0.53,0.040,0,0.10, 0.045,970, , , 
SS0.8-30B , 0.8,30,S1T,6,20,24,25.6,8,8,16, , , , ,M4,4,0.53,0.040,0,0.10, 0.044,970, , , 
SS0.8-30C , 0.8,30,S1T,8,20,24,25.6,8,8,16, , , , ,M5,4,0.53,0.040,0,0.10, 0.041,970, , , 
SS0.8-32A , 0.8,32,S1T,6,22,25.6,27.2,8,8,16, , , , ,M4,4,0.58,0.046,0,0.10, 0.052,980, , , 
SS0.8-34A , 0.8,34,S1T,6,22,27.2,28.8,8,8,16, , , , ,M4,4,0.62,0.052,0,0.10,0.056, 1040, , , 
SS0.8-35A , 0.8,35,S1T,6,25,28,29.6,8,8,16, , , , ,M4,4,0.65,0.056,0,0.10,0.065, 1040, , , 
SS0.8-36A , 0.8,36,S1T,6,25,28.8,30.4,8,8,16, , , , ,M4,4,0.67,0.059,0,0.10,0.067, 1110, , , 
SS0.8-38A , 0.8,38,S1T,6,25,30.4,32,8,8,16, , , , ,M4,4,0.72,0.066,0,0.10,0.072, 1130, , , 
SS0.8-40A , 0.8,40,S1T,6,28,32,33.6,8,8,16, , , , ,M4,4,0.77,0.074,0,0.10,0.085, 1160, , , 
SS0.8-40B , 0.8,40,S1T,8,28,32,33.6,8,8,16, , , , ,M5,4,0.77,0.074,0,0.10,0.081, 1160, , , 
SS0.8-42A , 0.8,42,S1T,6,28,33.6,35.2,8,8,16, , , , ,M4,4,0.82,0.082,0,0.10,0.090, 1190, , , 
SS0.8-44A , 0.8,44,S1T,6,28,35.2,36.8,8,8,16, , , , ,M4,4,0.87,0.090,0,0.10,0.095, 1200, , , 
SS0.8-45A , 0.8,45,S1T,6,28,36,37.6,8,8,16, , , , ,M4,4,0.89,0.095,0,0.10,0.098, 1200, , , 
SS0.8-46A , 0.8,46,S1T,6,28,36.8,38.4,8,8,16, , , , ,M4,4,0.92,0.099,0,0.10, 0.10,1210, , , 
SS0.8-48A , 0.8,48,S1T,6,28,38.4,40,8,8,16, , , , ,M4,4,0.97,0.11,0,0.10,0.11, 1240, , , 
SS0.8-50A , 0.8,50,S1T,6,28,40,41.6,8,8,16, , , , ,M4,4,1.02,0.12,0,0.10,0.11, 1280, , , 
SS0.8-50B , 0.8,50,S1T,8,28,40,41.6,8,8,16, , , , ,M5,4,1.02,0.12,0,0.10,0.11, 1280, , , 

SS0.8-52A , 0.8,52,S1T,6,28,41.6,43.2,8,8,16, , , , ,M4,4,1.07,0.13,0,0.10,0.12, 1290, , , 
SS0.8-54A , 0.8,54,S1T,6,28,43.2,44.8,8,8,16, , , , ,M4,4,1.12,0.14,0,0.10,0.13, 1300, , , 
SS0.8-55A , 0.8,55,S1T,6,28,44,45.6,8,8,16, , , , ,M4,4,1.14,0.14,0,0.10,0.13, 1320, , , 
SS0.8-56A , 0.8,56,S1T,6,28,44.8,46.4,8,8,16, , , , ,M4,4,1.16,0.15,0,0.10,0.13, 1330, , , 
SS0.8-58A , 0.8,58,S1T,6,28,46.4,48,8,8,16, , , , ,M4,4,1.21,0.16,0,0.10,0.14, 1370, , , 
SS0.8-60A , 0.8,60,S1T,6,28,48,49.6,8,8,16, , , , ,M4,4,1.26,0.17,0,0.10,0.15, 1440, , , 
SS0.8-60B , 0.8,60,S1T,8,28,48,49.6,8,8,16, , , , ,M5,4,1.26,0.17,0,0.10,0.14, 1440, , , 
SS0.8-62A , 0.8,62,S1T,6,28,49.6,51.2,8,8,16, , , , ,M4,4,1.32,0.19,0,0.10,0.16, 1450, , , 
SS0.8-64A , 0.8,64,S1T,6,28,51.2,52.8,8,8,16, , , , ,M4,4,1.37,0.20,0,0.10,0.16, 1490, , , 
SS0.8-65A , 0.8,65,S1T,6,28,52,53.6,8,8,16, , , , ,M4,4,1.39,0.21,0,0.10,0.17, 1520, , , 
SS0.8-66A , 0.8,66,S1T,6,28,52.8,54.4,8,8,16, , , , ,M4,4,1.42,0.21,0,0.10,0.17, 1640, , , 
SS0.8-68A , 0.8,68,S1T,6,28,54.4,56,8,8,16, , , , ,M4,4,1.47,0.23,0,0.10,0.18, 1640, , , 
SS0.8-70A , 0.8,70,S1T,6,28,56,57.6,8,8,16, , , , ,M4,4,1.52,0.24,0,0.10,0.19, 1710, , , 
SS0.8-70B , 0.8,70,S1T,8,28,56,57.6,8,8,16, , , , ,M5,4,1.52,0.24,0,0.10,0.19, 1710, , , 
SS0.8-72A , 0.8,72,S1T,6,28,57.6,59.2,8,8,16, , , , ,M4,4,1.57,0.25,0,0.10,0.20, 1800, , , 
SS0.8-75A , 0.8,75,S1T,6,28,60,61.6,8,8,16, , , , ,M4,4,1.64,0.28,0,0.10,0.21, 1820, , , 
SS0.8-76A , 0.8,76,S1T,6,28,60.8,62.4,8,8,16, , , , ,M4,4,1.67,0.29,0,0.10,0.22, 1870, , , 
SS0.8-80A , 0.8,80,S1T,6,28,64,65.6,8,8,16, , , , ,M4,4,1.77,0.32,0,0.10,0.24, 2000, , , 
SS0.8-80B , 0.8,80,S1T,8,28,64,65.6,8,8,16, , , , ,M5,4,1.77,0.32,0,0.10,0.23, 2000, , , 
SS0.8-84A , 0.8,84,S1T,8,28,67.2,68.8,8,8,16, , , , ,M5,4,1.87,0.35,0,0.10,0.25, 2080, , , 
SS0.8-85A , 0.8,85,S1T,8,28,68,69.6,8,8,16, , , , ,M5,4,1.90,0.36,0,0.10,0.26, 2180, , , 
SS0.8-88A , 0.8,88,S1T,8,28,70.4,72,8,8,16, , , , ,M5,4,1.97,0.39,0,0.10,0.28, 2250, , , 
SS0.8-90A , 0.8,90,S1T,8,28,72,73.6,8,8,16, , , , ,M5,4,2.02,0.41,0,0.10,0.29, 2290, , , 
SS0.8-95A , 0.8,95,S1T,8,28,76,77.6,8,8,16, , , , ,M5,4,2.15,0.46,0,0.10,0.32, 2420, , , 
SS0.8-96A , 0.8,96,S1T,8,28,76.8,78.4,8,8,16, , , , ,M5,4,2.18,0.47,0,0.10,0.32, 2430, , , 
SS0.8-100A ,0.8,100,S1T,8,28,80,81.6,8,8,16, , , , ,M5,4,2.28,0.51,0,0.10, 0.35,2550, , , 
SS0.8-105A ,0.8,105,S1T,8,28,84,85.6,8,8,16, , , , ,M5,4,2.41,0.56,0,0.10, 0.38,2680, , , 
SS0.8-110A ,0.8,110,S1T,8,28,88,89.6,8,8,16, , , , ,M5,4,2.54,0.62,0,0.10, 0.41,2830, , , 
SS0.8-115A ,0.8,115,S1T,8,28,92,93.6,8,8,16, , , , ,M5,4,2.66,0.68,0,0.10, 0.45,2880, , , 
SS0.8-120A ,0.8,120,S1T,8,28,96,97.6,8,8,16, , , , ,M5,4,2.79,0.75,0,0.10, 0.49,3020, , , 
SS1-15 ,    1,15,S3,8,17,15,17,10,20,30, , , , , , ,0.38,0.018,0.08,0.18,0.038,410, , , 
SS1-15A ,   1,15,S3T,5,17,15,17,10,20,30, , , , ,M4,4,0.38,0.018,0.08,0.18, 0.044,590, , , 
SS1-15B ,   1,15,S3T,6,17,15,17,10,20,30, , , , ,M4,4,0.38,0.018,0.08,0.18, 0.042,590, , , 
SS1-16 ,    1,16,S3,8,18,16,18,10,20,30, , , , , , ,0.42,0.021,0.08,0.18,0.044,420, , , 
SS1-16A ,   1,16,S3T,5,18,16,18,10,20,30, , , , ,M4,4,0.42,0.021,0.08,0.18, 0.051,600, , , 
SS1-16B ,   1,16,S3T,6,18,16,18,10,20,30, , , , ,M4,4,0.42,0.021,0.08,0.18, 0.049,600, , , 
SS1-17 ,    1,17,S3,8,19,17,19,10,20,30, , , , , , ,0.46,0.023,0.08,0.18,0.050,440, , , 
SS1-17A ,   1,17,S3T,8,19,17,19,10,20,30, , , , ,M5,4,0.46,0.023,0.08,0.18, 0.050,610, , , 
SS1-18 ,    1,18,S3,8,20,18,20,10,20,30, , , , , , ,0.50,0.027,0.08,0.18,0.057,450, , , 
SS1-18A ,   1,18,S3T,6,20,18,20,10,20,30, , , , ,M4,4,0.50,0.027,0.08,0.18, 0.062,620, , , 
SS1-18B ,   1,18,S3T,8,20,18,20,10,20,30, , , , ,M5,4,0.50,0.027,0.08,0.18, 0.057,620, , , 
SS1-19 ,    1,19,S3,8,21,19,21,10,20,30, , , , , , ,0.54,0.030,0.08,0.18,0.065,460, , , 
SS1-19A ,   1,19,S3T,8,21,19,21,10,20,30, , , , ,M5,4,0.54,0.030,0.08,0.18, 0.064,630, , , 
SS1-20 ,    1,20,S1,8,16,20,22,10,10,20, , , , , , ,0.59,0.033,0.08,0.18,0.033,470, , , 
SS1-20A ,   1,20,S1T,5,16,20,22,10,10,20, , , , ,M4,5,0.59,0.033,0.08,0.18, 0.037,650, , , 
SS1-20B ,   1,20,S1T,6,16,20,22,10,10,20, , , , ,M4,5,0.59,0.033,0.08,0.18, 0.036,650, , , 
SS1-20C ,   1,20,S1T,8,16,20,22,10,10,20, , , , ,M5,5,0.59,0.033,0.08,0.18, 0.032,650, , , 
SS1-21 ,    1,21,S1,8,17,21,23,10,10,20, , , , , , ,0.63,0.037,0.08,0.18,0.037,480, , , 
SS1-21A ,   1,21,S1T,8,17,21,23,10,10,20, , , , ,M5,5,0.63,0.037,0.08,0.18, 0.036,660, , , 
SS1-22 ,    1,22,S1,8,18,22,24,10,10,20, , , , , , ,0.67,0.041,0.08,0.18,0.042,490, , , 

SS1-22A ,1,22,S1T,8,18,22,24,10,10,20, , , , ,M5,5,0.67,0.041,0.08,0.18, 0.041,670, , , 
SS1-23 , 1,23,S1,8,18,23,25,10,10,20, , , , , , ,0.72,0.045,0.08,0.18,0.045,490, , , 
SS1-23A ,1,23,S1T,8,18,23,25,10,10,20, , , , ,M5,5,0.72,0.045,0.08,0.18, 0.044,670, , , 
SS1-24 , 1,24,S1,8,20,24,26,10,10,20, , , , , , ,0.76,0.05,0.08,0.18,0.052,500, , , 
SS1-24A ,1,24,S1T,6,20,24,26,10,10,20, , , , ,M4,5,0.76,0.05,0.08,0.18, 0.055,680, , , 
SS1-24B ,1,24,S1T,8,20,24,26,10,10,20, , , , ,M5,5,0.76,0.05,0.08,0.18, 0.051,680, , , 
SS1-24C ,1,24,S1K,10,20,24,26,10,10,20, , ,4,1.8,M4,5,0.76,0.05,0.08,0.18, 0.046,900, , , 
SS1-25 , 1,25,S1,8,20,25,27,10,10,20, , , , , , ,0.81,0.055,0.08,0.18,0.055,500, , , 
SS1-25A ,1,25,S1T,6,20,25,27,10,10,20, , , , ,M4,5,0.81,0.055,0.08,0.18, 0.058,690, , , 
SS1-25B ,1,25,S1T,8,20,25,27,10,10,20, , , , ,M5,5,0.81,0.055,0.08,0.18, 0.054,690, , , 
SS1-25C ,1,25,S1K,10,20,25,27,10,10,20, , ,4,1.8,M4,5,0.81,0.055,0.08,0.18, 0.049,900, , , 
SS1-26 , 1,26,S1,8,22,26,28,10,10,20, , , , , , ,0.85,0.059,0.08,0.18,0.064,530, , , 
SS1-26A ,1,26,S1T,8,22,26,28,10,10,20, , , , ,M5,5,0.85,0.059,0.08,0.18, 0.063,720, , , 
SS1-26B ,1,26,S1K,10,22,26,28,10,10,20, , ,4,1.8,M4,5,0.85,0.059,0.08,0.18, 0.057,940, , , 
SS1-27 , 1,27,S1,8,22,27,29,10,10,20, , , , , , ,0.90,0.064,0.08,0.18,0.067,530, , , 
SS1-27A ,1,27,S1T,8,22,27,29,10,10,20, , , , ,M5,5,0.90,0.064,0.08,0.18, 0.066,730, , , 
SS1-28 , 1,28,S1,8,22,28,30,10,10,20, , , , , , ,0.94,0.070,0.08,0.18,0.070,540, , , 
SS1-28A ,1,28,S1T,8,22,28,30,10,10,20, , , , ,M5,5,0.94,0.070,0.08,0.18, 0.069,730, , , 
SS1-28B ,1,28,S1K,10,22,28,30,10,10,20, , ,4,1.8,M4,5,0.94,0.070,0.08,0.18, 0.064,950, , , 
SS1-29 , 1,29,S1,8,24,29,31,10,10,20, , , , , , ,0.99,0.075,0.08,0.18,0.079,550, , , 
SS1-29A ,1,29,S1T,8,24,29,31,10,10,20, , , , ,M5,5,0.99,0.075,0.08,0.18, 0.078,730, , , 
SS1-30 , 1,30,S1,10,25,30,32,10,10,20, , , , , , ,1.03,0.081,0.08,0.18, 0.082,560, , , 
SS1-30A ,1,30,S1T,6,25,30,32,10,10,20, , , , ,M4,5,1.03,0.081,0.08,0.18, 0.089,750, , , 
SS1-30B ,1,30,S1T,8,25,30,32,10,10,20, , , , ,M5,5,1.03,0.081,0.08,0.18, 0.085,750, , , 
SS1-30C ,1,30,S1K,10,25,30,32,10,10,20, , ,4,1.8,M4,5,1.03,0.081,0.08,0.18, 0.080,970, , , 
SS1-30D ,1,30,S1K,12,25,30,32,10,10,20, , ,4,1.8,M4,5,1.03,0.081,0.08,0.18, 0.075,970, , , 
SS1-32 , 1,32,S1,10,26,32,34,10,10,20, , , , , , ,1.13,0.092,0.08,0.18, 0.092,580, , , 
SS1-32A ,1,32,S1T,8,26,32,34,10,10,20, , , , ,M5,5,1.13,0.092,0.08,0.18, 0.096,800, , , 
SS1-32B ,1,32,S1K,10,26,32,34,10,10,20, , ,4,1.8,M4,5,1.13,0.092,0.08,0.18,0.091, 1020, , , 
SS1-32C ,1,32,S1K,12,26,32,34,10,10,20, , ,4,1.8,M4,5,1.13,0.092,0.08,0.18,0.085, 1020, , , 
SS1-34 , 1,34,S1,10,26,34,36,10,10,20, , , , , , ,1.22,0.10,0.08,0.18,0.10,630, , , 
SS1-34A ,1,34,S1K,10,26,34,36,10,10,20, , ,4,1.8,M4,5,1.22,0.10,0.08,0.18, 0.099,1070, , , 
SS1-35 , 1,35,S1,10,26,35,37,10,10,20, , , , , , ,1.27,0.11,0.08,0.18,0.10,640, , , 
SS1-35A ,1,35,S1K,10,26,35,37,10,10,20, , ,4,1.8,M4,5,1.27,0.11,0.08,0.18,0.10, 1080, , , 
SS1-35B ,1,35,S1K,12,26,35,37,10,10,20, , ,4,1.8,M4,5,1.27,0.11,0.08,0.18, 0.098,1080, , , 
SS1-36 , 1,36,S1,10,28,36,38,10,10,20, , , , , , ,1.31,0.12,0.08,0.18,0.12,660, , , 
SS1-36A ,1,36,S1K,10,28,36,38,10,10,20, , ,4,1.8,M4,5,1.31,0.12,0.08,0.18,0.11, 1110, , , 
SS1-36B ,1,36,S1K,12,28,36,38,10,10,20, , ,4,1.8,M4,5,1.31,0.12,0.08,0.18,0.11, 1110, , , 
SS1-38 , 1,38,S1,10,32,38,40,10,10,20, , , , , , ,1.41,0.13,0.08,0.18,0.14,720, , , 
SS1-38A ,1,38,S1K,10,32,38,40,10,10,20, , ,4,1.8,M4,5,1.41,0.13,0.08,0.18,0.14, 1160, , , 
SS1-40 , 1,40,S1,10,35,40,42,10,10,20, , , , , , ,1.50,0.15,0.08,0.18,0.16,750, , , 
SS1-40A ,1,40,S1T,8,35,40,42,10,10,20, , , , ,M5,5,1.50,0.15,0.08,0.18,0.16,990, , , 
SS1-40B ,1,40,S1K,10,35,40,42,10,10,20, , ,4,1.8,M4,5,1.50,0.15,0.08,0.18,0.16, 1210, , , 
SS1-40C ,1,40,S1K,12,35,40,42,10,10,20, , ,4,1.8,M4,5,1.50,0.15,0.08,0.18,0.15, 1210, , , 
SS1-42 , 1,42,S1,10,35,42,44,10,10,20, , , , , , ,1.60,0.16,0.08,0.18,0.17,780, , , 
SS1-42A ,1,42,S1K,10,35,42,44,10,10,20, , ,4,1.8,M4,5,1.60,0.16,0.08,0.18,0.17, 1260, , , 
SS1-44 , 1,44,S1,10,35,44,46,10,10,20, , , , , , ,1.69,0.18,0.08,0.18,0.18,840, , , 
SS1-44A ,1,44,S1K,10,35,44,46,10,10,20, , ,4,1.8,M4,5,1.69,0.18,0.08,0.18,0.18, 1340, , , 
SS1-45 , 1,45,S1,10,35,45,47,10,10,20, , , , , , ,1.74,0.19,0.08,0.18,0.19,850, , , 
SS1-45A ,1,45,S1T,8,35,45,47,10,10,20, , , , ,M5,5,1.74,0.19,0.08,0.18, 0.19,1130, , , 

SS1-45B ,1,45,S1K,10,35,45,47,10,10,20, , ,4,1.8,M4,5,1.74,0.19,0.08,0.18,0.19, 1350, , , 
SS1-45C ,1,45,S1K,12,35,45,47,10,10,20, , ,4,1.8,M4,5,1.74,0.19,0.08,0.18,0.18, 1350, , , 
SS1-46 , 1,46,S1,10,35,46,48,10,10,20, , , , , , ,1.79,0.20,0.08,0.18,0.19,870, , , 
SS1-46A ,1,46,S1K,10,35,46,48,10,10,20, , ,4,1.8,M4,5,1.79,0.20,0.08,0.18,0.19, 1370, , , 
SS1-48 , 1,48,S1,10,35,48,50,10,10,20, , , , , , ,1.89,0.22,0.08,0.18,0.21,940, , , 
SS1-48A ,1,48,S1K,10,35,48,50,10,10,20, , ,4,1.8,M4,5,1.89,0.22,0.08,0.18,0.20, 1450, , , 
SS1-48B ,1,48,S1K,12,35,48,50,10,10,20, , ,4,1.8,M4,5,1.89,0.22,0.08,0.18,0.20, 1450, , , 
SS1-50 , 1,50,S1,10,35,50,52,10,10,20, , , , , , ,1.98,0.24,0.08,0.18,0.22,960, , , 
SS1-50A ,1,50,S1T,8,35,50,52,10,10,20, , , , ,M5,5,1.98,0.24,0.08,0.18, 0.22,1240, , , 
SS1-50B ,1,50,S1K,10,35,50,52,10,10,20, , ,4,1.8,M4,5,1.98,0.24,0.08,0.18,0.21, 1460, , , 
SS1-50C ,1,50,S1K,12,35,50,52,10,10,20, , ,4,1.8,M4,5,1.98,0.24,0.08,0.18,0.21, 1460, , , 
SS1-52 , 1,52,S1,10,35,52,54,10,10,20, , , , , , ,2.08,0.26,0.08,0.18,0.23,980, , , 
SS1-52A ,1,52,S1K,10,35,52,54,10,10,20, , ,4,1.8,M4,5,2.08,0.26,0.08,0.18,0.23, 1540, , , 
SS1-54 , 1,54,S1,10,35,54,56,10,10,20, , , , , , ,2.18,0.28,0.08,0.18,0.24, 1050, , , 
SS1-54A ,1,54,S1K,10,35,54,56,10,10,20, , ,4,1.8,M4,5,2.18,0.28,0.08,0.18,0.24, 1570, , , 
SS1-55 , 1,55,S1,10,35,55,57,10,10,20, , , , , , ,2.23,0.29,0.08,0.18,0.25, 1070, , , 
SS1-55A ,1,55,S1K,10,35,55,57,10,10,20, , ,4,1.8,M4,5,2.23,0.29,0.08,0.18,0.25, 1580, , , 
SS1-56 , 1,56,S1,10,35,56,58,10,10,20, , , , , , ,2.28,0.3,0.08,0.18,0.26,1080, , , 
SS1-56A ,1,56,S1K,10,35,56,58,10,10,20, , ,4,1.8,M4,5,2.28,0.3,0.08,0.18, 0.25,1590, , , 
SS1-56B ,1,56,S1K,12,35,56,58,10,10,20, , ,4,1.8,M4,5,2.28,0.3,0.08,0.18, 0.25,1590, , , 
SS1-58 , 1,58,S1,10,35,58,60,10,10,20, , , , , , ,2.37,0.32,0.08,0.18,0.27, 1190, , , 
SS1-58A ,1,58,S1K,10,35,58,60,10,10,20, , ,4,1.8,M4,5,2.37,0.32,0.08,0.18,0.27, 1720, , , 
SS1-60 , 1,60,S1,10,35,60,62,10,10,20, , , , , , ,2.47,0.35,0.08,0.18,0.29, 1190, , , 
SS1-60A ,1,60,S1K,10,35,60,62,10,10,20, , ,4,1.8,M4,5,2.47,0.35,0.08,0.18,0.28, 1720, , , 
SS1-60B ,1,60,S1K,12,35,60,62,10,10,20, , ,4,1.8,M4,5,2.47,0.35,0.08,0.18,0.28, 1720, , , 
SS1-60C ,1,60,S1K,15,35,60,62,10,10,20, , ,5,2.3,M4,5,2.47,0.35,0.08,0.18,0.27, 1720, , , 
SS1-62 , 1,62,S1,10,40,62,64,10,10,20, , , , , , ,2.57,0.37,0.08,0.18,0.32, 1300, , , 
SS1-62A ,1,62,S1K,12,40,62,64,10,10,20, , ,4,1.8,M4,5,2.57,0.37,0.08,0.18,0.32, 1860, , , 
SS1-64 , 1,64,S1,10,40,64,66,10,10,20, , , , , , ,2.67,0.40,0.08,0.18,0.34, 1320, , , 
SS1-64A ,1,64,S1K,12,40,64,66,10,10,20, , ,4,1.8,M4,5,2.67,0.40,0.08,0.18,0.33, 1870, , , 
SS1-65 , 1,65,S1,10,40,65,67,10,10,20, , , , , , ,2.72,0.41,0.08,0.18,0.35, 1340, , , 
SS1-65A ,1,65,S1K,12,40,65,67,10,10,20, , ,4,1.8,M4,5,2.72,0.41,0.08,0.18,0.34, 1880, , , 
SS1-66 , 1,66,S1,10,40,66,68,10,10,20, , , , , , ,2.77,0.42,0.08,0.18,0.35, 1350, , , 
SS1-66A ,1,66,S1K,12,40,66,68,10,10,20, , ,4,1.8,M4,5,2.77,0.42,0.08,0.18,0.35, 1910, , , 
SS1-68 , 1,68,S1,10,40,68,70,10,10,20, , , , , , ,2.86,0.45,0.08,0.18,0.37, 1450, , , 
SS1-68A ,1,68,S1K,12,40,68,70,10,10,20, , ,4,1.8,M4,5,2.86,0.45,0.08,0.18,0.36, 2040, , , 
SS1-70 , 1,70,S1,10,40,70,72,10,10,20, , , , , , ,2.96,0.48,0.08,0.18,0.39, 1480, , , 
SS1-70A ,1,70,S1K,12,40,70,72,10,10,20, , ,4,1.8,M4,5,2.96,0.48,0.08,0.18,0.38, 2090, , , 
SS1-70B ,1,70,S1K,15,40,70,72,10,10,20, , ,5,2.3,M4,5,2.96,0.48,0.08,0.18,0.37, 2090, , , 
SS1-70C ,1,70,S1K,18,40,70,72,10,10,20, , ,6,2.8,M5,5,2.96,0.48,0.08,0.18,0.36, 2090, , , 
SS1-72 , 1,72,S1,10,40,72,74,10,10,20, , , , , , ,3.06,0.51,0.08,0.18,0.41, 1600, , , 
SS1-72A ,1,72,S1K,12,40,72,74,10,10,20, , ,4,1.8,M4,5,3.06,0.51,0.08,0.18,0.40, 2260, , , 
SS1-72B ,1,72,S1K,15,40,72,74,10,10,20, , ,5,2.3,M4,5,3.06,0.51,0.08,0.18,0.39, 2260, , , 
SS1-72C ,1,72,S1K,18,40,72,74,10,10,20, , ,6,2.8,M5,5,3.06,0.51,0.08,0.18,0.37, 2260, , , 
SS1-75 , 1,75,S1,10,40,75,77,10,10,20, , , , , , ,3.21,0.55,0.08,0.18,0.43, 1630, , , 
SS1-75A ,1,75,S1K,12,40,75,77,10,10,20, , ,4,1.8,M4,5,3.21,0.55,0.08,0.18,0.42, 2280, , , 
SS1-76 , 1,76,S1,10,40,76,78,10,10,20, , , , , , ,3.26,0.57,0.08,0.18,0.44, 1680, , , 
SS1-76A ,1,76,S1K,12,40,76,78,10,10,20, , ,4,1.8,M4,5,3.26,0.57,0.08,0.18,0.43, 2300, , , 
SS1-80 , 1,80,S1,10,40,80,82,10,10,20, , , , , , ,3.46,0.63,0.08,0.18,0.48, 1780, , , 
SS1-80A ,1,80,S1K,12,40,80,82,10,10,20, , ,4,1.8,M4,5,3.46,0.63,0.08,0.18,0.47, 2450, , , 

SS1-80B ,  1,80,S1K,15,40,80,82,10,10,20, , ,5,2.3,M4,5,3.46,0.63,0.08,0.18,0.46, 2450, , , 
SS1-80C ,  1,80,S1K,18,40,80,82,10,10,20, , ,6,2.8,M5,5,3.46,0.63,0.08,0.18,0.45, 2450, , , 
SS1-84 ,   1,84,S1,10,40,84,86,10,10,20, , , , , , ,3.66,0.70,0.08,0.18,0.52, 1930, , , 
SS1-84A ,  1,84,S1K,12,40,84,86,10,10,20, , ,4,1.8,M4,5,3.66,0.70,0.08,0.18,0.51, 2590, , , 
SS1-85 ,   1,85,S1,10,40,85,87,10,10,20, , , , , , ,3.71,0.72,0.08,0.18,0.53, 1940, , , 
SS1-85A ,  1,85,S1K,12,40,85,87,10,10,20, , ,4,1.8,M4,5,3.71,0.72,0.08,0.18,0.52, 2600, , , 
SS1-88 ,   1,88,S1,10,40,88,90,10,10,20, , , , , , ,3.85,0.78,0.08,0.18,0.56, 2050, , , 
SS1-88A ,  1,88,S1K,12,40,88,90,10,10,20, , ,4,1.8,M4,5,3.85,0.78,0.08,0.18,0.56, 2750, , , 
SS1-90 ,   1,90,S1,10,40,90,92,10,10,20, , , , , , ,3.95,0.81,0.08,0.18,0.59, 2050, , , 
SS1-90A ,  1,90,S1K,12,40,90,92,10,10,20, , ,4,1.8,M4,5,3.95,0.81,0.08,0.18,0.58, 2790, , , 
SS1-90B ,  1,90,S1K,15,40,90,92,10,10,20, , ,5,2.3,M4,5,3.95,0.81,0.08,0.18,0.57, 2790, , , 
SS1-90C ,  1,90,S1K,18,40,90,92,10,10,20, , ,6,2.8,M5,5,3.95,0.81,0.08,0.18,0.55, 2790, , , 
SS1-95 ,   1,95,S1,10,40,95,97,10,10,20, , , , , , ,4.20,0.91,0.08,0.18,0.64, 2220, , , 
SS1-95A ,  1,95,S1K,12,40,95,97,10,10,20, , ,4,1.8,M4,5,4.20,0.91,0.08,0.18,0.63, 2950, , , 
SS1-96 ,   1,96,S1,10,40,96,98,10,10,20, , , , , , ,4.25,0.93,0.08,0.18,0.65, 2230, , , 
SS1-96A ,  1,96,S1K,12,40,96,98,10,10,20, , ,4,1.8,M4,5,4.25,0.93,0.08,0.18,0.65, 2950, , , 
SS1-100 ,  1,100,S1,10,40,100,102,10,10,20, , , , , , ,4.45,1.02,0.08,0.18, 0.70,2460, , , 
SS1-100A , 1,100,S1K,12,40,100,102,10,10,20, , ,4,1.8,M4,5,4.45,1.02,0.08,0.18, 0.69,3380, , , 
SS1-100B , 1,100,S1K,15,40,100,102,10,10,20, , ,5,2.3,M4,5,4.45,1.02,0.08,0.18, 0.68,3380, , , 
SS1-100C , 1,100,S1K,18,40,100,102,10,10,20, , ,6,2.8,M5,5,4.45,1.02,0.08,0.18, 0.67,3380, , , 
SS1-110 ,  1,110,S1,15,50,110,112,10,10,20, , , , , , ,4.95,1.24,0.08,0.18, 0.87,2690, , , 
SS1-110A , 1,110,S1K,15,40,110,112,10,10,20, , ,5,2.3,M4,5,4.95,1.24,0.08,0.18, 0.81,3770, , , 
SS1-120 ,  1,120,S1,15,50,120,122,10,10,20, , , , , , ,5.45,1.50,0.08,0.18, 1.01,3060, , , 
SS1-120A , 1,120,S1K,15,40,120,122,10,10,20, , ,5,2.3,M4,5,5.45,1.50,0.08,0.18, 0.95,4230, , , 
SS1-120B , 1,120,S1K,18,40,120,122,10,10,20, , ,6,2.8,M5,5,5.45,1.50,0.08,0.18, 0.94,4230, , , 
SS1-150 ,  1,150,S1,20,120,150,152,10,10,20, , , , , , ,6.96,2.41,0.08,0.18,2.23, 4460, , , 
SS1-200 ,  1,200,S1,20,160,200,202,10,10,20, , , , , , ,7.29,3.42,0.08,0.18,4.00, 7180, , , 
SS1.5-12 , 1.5,12,S3,8,21,18,21,15,15,30, , , , , , ,0.70,0.037,0.10,0.22, 0.059,470, , , 
SS1.5-12A ,1.5,12,S3T,6,21,18,21,15,15,30, , , , ,M4,4,0.70,0.037,0.10,0.22, 0.063,600, , , 
SS1.5-13 , 1.5,13,S3,8,22.5,19.5,22.5,15,15,30, , , , , , ,0.90,0.045,0.08,0.22, 0.070,490, , , 
SS1.5-13A ,1.5,13,S3T,6,22.5,19.5,22.5,15,15,30, , , , ,M4,4,0.90,0.045,0.10, 0.22,0.075,670, , , 
SS1.5-14 , 1.5,14,S1,8,16,21,24,15,10,25, , , , , , ,1.13,0.053,0.10,0.22, 0.047,490, , , 
SS1.5-14A ,1.5,14,S1T,6,16,21,24,15,10,25, , , , ,M4,5,1.13,0.053,0.10,0.22, 0.051,680, , , 
SS1.5-14B ,1.5,14,S1T,8,16,21,24,15,10,25, , , , ,M5,5,1.13,0.053,0.10,0.22, 0.046,680, , , 
SS1.5-15 , 1.5,15,S1,8,18,22.5,25.5,15,10,25, , , , , , ,1.27,0.062,0.10,0.22, 0.057,500, , , 
SS1.5-15A ,1.5,15,S1T,6,18,22.5,25.5,15,10,25, , , , ,M4,5,1.27,0.062,0.10,0.22, 0.061,690, , , 
SS1.5-15B ,1.5,15,S1T,8,18,22.5,25.5,15,10,25, , , , ,M5,5,1.27,0.062,0.10,0.22, 0.056,690, , , 
SS1.5-16 , 1.5,16,S1,8,20,24,27,15,10,25, , , , , , ,1.41,0.071,0.10,0.22, 0.068,530, , , 
SS1.5-16A ,1.5,16,S1T,6,20,24,27,15,10,25, , , , ,M4,5,1.41,0.071,0.10,0.22, 0.072,690, , , 
SS1.5-16B ,1.5,16,S1T,8,20,24,27,15,10,25, , , , ,M5,5,1.41,0.071,0.10,0.22, 0.067,690, , , 
SS1.5-17 , 1.5,17,S1,8,21,25.5,28.5,15,10,25, , , , , , ,1.55,0.082,0.10,0.22, 0.077,560, , , 
SS1.5-17A ,1.5,17,S1T,8,21,25.5,28.5,15,10,25, , , , ,M5,5,1.55,0.082,0.10,0.22, 0.077,720, , , 
SS1.5-18 , 1.5,18,S1,8,22,27,30,15,10,25, , , , , , ,1.69,0.093,0.10,0.22, 0.087,600, , , 
SS1.5-18A ,1.5,18,S1T,8,22,27,30,15,10,25, , , , ,M5,5,1.69,0.093,0.10,0.22, 0.086,740, , , 
SS1.5-18B ,1.5,18,S1K,10,22,27,30,15,10,25, , ,4,1.8,M4,5,1.69,0.093,0.10,0.22, 0.080,960, , , 
SS1.5-19 , 1.5,19,S1,8,23,28.5,31.5,15,10,25, , , , , , ,1.83,0.11,0.10,0.22, 0.098,610, , , 
SS1.5-19A ,1.5,19,S1T,8,23,28.5,31.5,15,10,25, , , , ,M5,5,1.83,0.11,0.10,0.22, 0.097,790, , , 
SS1.5-20 , 1.5,20,S1,8,24,30,33,15,10,25, , , , , , ,1.98,0.12,0.10,0.22,0.11,620, , , 
SS1.5-20A ,1.5,20,S1T,6,24,30,33,15,10,25, , , , ,M4,5,1.98,0.12,0.10,0.22, 0.11,800, , , 
SS1.5-20B ,1.5,20,S1T,8,24,30,33,15,10,25, , , , ,M5,5,1.98,0.12,0.10,0.22, 0.11,800, , , 

,モジュール, 歯数, 転位係数, 	形状, 	軸径(左) A', 	軸長さ(左) F', 	基準円直径 C, 	歯先円直径 D, 	歯幅 E, 	軸径(右) A, 	軸長さ(右) F, 	全長 G, 	許容曲げ強さ (kgf･m), 許容歯面強さ (kgf･m), バックラッシ 下限 (mm), 	バックラッシ 上限 (mm), 	質量 (kg), 	価格
（円）
SSS0.5-10 , 0.5,10,0,SA, , ,5,6,7,6,38,45,0.021,0.0008,0,0.10,0.0095,930
SSS0.5-11 , 0.5,11,0,SA, , ,5.5,6.5,7,6.5,38,45,0.026,0.0010,0,0.10,0.011,950
SSS0.5-12 , 0.5,12,0,SA, , ,6,7,7,7,38,45,0.032,0.0011,0,0.10,0.013,970
SSS0.5-13 , 0.5,13,0,SA, , ,6.5,7.5,7,7.5,38,45,0.039,0.0014,0,0.10,0.015,980
SSS0.8-10 , 0.8,10,0,SA, , ,8,9.6,10,9.6,60,70,0.084,0.0032,0,0.10,0.038,1060
SSS0.8-11 , 0.8,11,0,SA, , ,8.8,10.4,10,10.4,60,70,0.11,0.0040,0,0.10,0.045,1100
SSS0.8-12 , 0.8,12,0,SA, , ,9.6,11.2,10,11.2,60,70,0.13,0.0048,0,0.10,0.052,1130
SSS0.8-13 , 0.8,13,0,SA, , ,10.4,12,10,12,60,70,0.16,0.0056,0,0.10,0.060,1170
SSS1-10 ,   1,10,0,SA, , ,10,12,12,12,78,90,0.16,0.0064,0.09,0.20,0.077,1250
SSS1-11 ,   1,11,0,SA, , ,11,13,12,13,78,90,0.21,0.0078,0.09,0.20,0.090,1280
SSS1-12 ,   1,12,0,SA, , ,12,14,12,14,78,90,0.26,0.0094,0.09,0.20,0.10,1340
SSS1-13 ,   1,13,0,SA, , ,13,15,12,15,78,90,0.31,0.011,0.09,0.20,0.12,1360
SSS1.5-10 , 1.5,10,+0.5,SB,12.2,25,15,19.35,15,12.2,100,140,1.30,0.073,0.10,0.23,0.14,2020
SSS1.5-11 , 1.5,11,+0.5,SB,13.7,25,16.5,20.85,15,13.7,100,140,1.48,0.089,0.11,0.24,0.17,2200
SSS1.5-12 , 1.5,12,0,SB,13.7,25,18,21,15,13.7,100,140,1.02,0.091,0.11,0.24,0.17,2270
SSS1.5-13 , 1.5,13,0,SB,15.2,25,19.5,22.5,15,15.2,100,140,1.23,0.11,0.11,0.24,0.21,2380
SSS2-10 ,   2,10,+0.5,SB,16.2,30,20,25.8,20,16.2,120,170,3.08,0.18,0.12,0.26,0.30,2490
SSS2-11 ,   2,11,+0.5,SB,18.2,30,22,27.8,20,18.2,120,170,3.50,0.22,0.13,0.28,0.38,2680
SSS2-12 ,   2,12,0,SB,18.2,30,24,28,20,18.2,120,170,2.41,0.22,0.13,0.28,0.38,2760
SSS2-13 ,   2,13,0,SB,20.2,30,26,30,20,20.2,120,170,2.92,0.26,0.13,0.28,0.46,2940
SSS2.5-10 , 2.5,10,+0.5,SB,20.2,35,25,32.25,25,20.2,135,195,6.01,0.36,0.14,0.29,0.54,3340
SSS2.5-11 , 2.5,11,+0.5,SB,22.7,35,27.5,34.75,25,22.7,135,195,6.84,0.44,0.15,0.31,0.68,3810
SSS2.5-12 , 2.5,12,0,SB,22.7,35,30,35,25,22.7,135,195,4.71,0.45,0.15,0.31,0.68,3890
SSS2.5-13 , 2.5,13,0,SB,25.2,35,32.5,37.5,25,25.2,135,195,5.70,0.52,0.15,0.31,0.83,4320
SSS3-10 ,   3,10,+0.5,SB,24.2,40,30,38.7,30,24.2,150,220,10.4,0.63,0.15,0.32,0.89,4650
SSS3-11 ,   3,11,+0.5,SB,27.2,40,33,41.7,30,27.2,150,220,11.8,0.77,0.16,0.35,1.11,4960
SSS3-12 ,   3,12,0,SB,27.2,40,36,42,30,27.2,150,220,8.14,0.78,0.16,0.35,1.11,5060
SSS3-13 ,   3,13,0,SB,30.2,40,39,45,30,30.2,150,220,9.84,0.92,0.16,0.35,1.35,5600

